gene_id	gene_name	RAP1_IAA_30M_REP1	RAP1_UNINDUCED_REP1	RAP1_UNINDUCED_REP2	WT_REP1	WT_REP2
HRA1	HRA1	0	106.55915	102.615646	0	0
snR18	snR18	10415.782104	75547.67533	18187.647692	14869.286494	28558.816535
tA(UGC)A	TGA1	0	0	0	0	0
tL(CAA)A	SUP56	0	0	0	0	0
tP(UGG)A	TRN1	0	57336.17069	126230.106814	3041.179209	0
tS(AGA)A	tS(AGA)A	4738.464374	0	0	0	0
YAL001C	TFC3	754.106992	771.961299	596.751772	436.439099	416.413086
YAL002W	VPS8	447.425771	350.566622	380.048703	415.398778	314.558178
YAL003W	EFB1	63489.383018	74046.299718	73850.553459	59381.29276	71442.413734
YAL004W	YAL004W	94.804708	168.136311	40.477804	0	95.804994
YAL005C	SSA1	159492.434773	132052.777348	133463.077866	112585.05638	111835.016271
YAL007C	ERP2	4361.01656	4780.326638	5464.503545	3065.938336	4215.419751
YAL008W	FUN14	1484.999428	1792.616265	1207.009708	562.264842	321.370633
YAL009W	SPO7	1040.857419	947.140942	622.960319	354.758234	375.888659
YAL010C	MDM10	380.644706	380.196662	483.828039	550.66129	350.18934
YAL011W	SWC3	265.865294	549.387585	368.027438	267.964175	457.45316
YAL012W	CYS3	11045.365658	8373.72775	9269.806795	9131.626552	10406.646487
YAL013W	DEP1	346.492178	700.419649	599.138416	482.426826	438.241838
YAL014C	SYN8	1213.37432	1291.858149	1400.97921	1125.779246	1303.579566
YAL015C	NTG1	528.810898	423.026697	474.904376	186.988742	267.531614
YAL016C-A	YAL016C-A	0	0	0	0	0
YAL016C-B	YAL016C-B	0	0	0	0	0
YAL016W	TPD3	3866.931896	3358.556506	3216.20319	2688.867932	2750.284726
YAL017W	PSK1	1164.497545	1054.183656	914.174635	623.977018	707.356249
YAL018C	LDS1	0	46.878863	88.517396	0	0
YAL019W	FUN30	1422.147503	1212.920729	1246.276928	1389.431592	1197.381691
YAL019W-A	YAL019W-A	0	208.157414	0	0	0
YAL020C	ATS1	654.483266	355.948151	385.615679	347.113754	110.350252
YAL021C	CCR4	2034.51475	1537.002904	1497.218467	1397.959835	1588.717997
YAL022C	FUN26	1377.824859	949.516226	1074.834697	939.680784	896.391685
YAL023C	PMT2	6500.247893	5374.970313	5245.724001	4921.275861	5316.02376
YAL024C	LTE1	537.932128	467.7375	401.80777	401.875233	511.26094
YAL025C	MAK16	1147.811405	1595.666226	1344.514816	1601.748282	1283.279469
YAL026C	DRS2	1421.780078	1508.674218	1395.293389	1115.430353	1458.726674
YAL026C-A	YAL026C-A	2014.231004	2127.165561	1733.450951	1295.850136	905.550869
YAL027W	SAW1	736.242021	686.66117	601.125599	195.173329	148.895829
YAL028W	FRT2	288.377856	250.289113	228.94028	67.986653	129.710298
YAL029C	MYO4	1904.429871	1490.055672	1409.211855	1367.960805	1505.619603
YAL030W	SNC1	3349.342273	4182.326276	6234.771857	1893.892229	1915.138263
YAL031C	GIP4	816.751364	763.487583	597.935216	410.474642	326.341174
YAL031W-A	YAL031W-A	0	0	0	0	0
YAL032C	PRP45	655.062274	579.403757	669.748501	446.709088	615.434955
YAL033W	POP5	1670.047841	1722.074022	1776.642306	1224.935323	906.925836
YAL034C	FUN19	677.486478	598.926318	716.443414	247.050136	257.068916
YAL034C-B	YAL034C-B	0	0	0	0	0
YAL034W-A	MTW1	518.440434	216.050847	675.883879	171.81754	393.289515
YAL035W	FUN12	6543.714768	5899.220337	5126.831176	6450.74011	6316.569743
YAL036C	RBG1	2365.800015	2374.682926	2772.481019	2099.852676	2344.74834
YAL037C-A	YAL037C-A	0	0	0	0	0
YAL037C-B	YAL037C-B	56.364673	46.886414	66.662756	0	0
YAL037W	YAL037W	286.154834	307.818503	290.949631	151.722231	72.341411
YAL038W	CDC19	194479.092844	170614.972482	173301.562237	186302.043812	218492.970862
YAL039C	CYC3	637.823478	1015.723471	1130.794058	450.910296	358.326883
YAL040C	CLN3	981.464335	1053.23582	1024.900176	765.631689	1051.76093
YAL041W	CDC24	1156.799315	967.452269	994.96092	895.372472	959.823867
YAL042C-A	YAL042C-A	0	0	0	0	0
YAL042W	ERV46	5937.155007	4894.822058	4697.453234	3752.157524	4345.891521
YAL043C	PTA1	1307.697018	1076.144097	1031.739915	847.88547	924.483438
YAL044C	GCV3	4349.410123	7378.816862	7534.412211	3281.320691	3322.363556
YAL044W-A	YAL044W-A	1332.906706	1611.755329	2716.142697	983.080326	798.631604
YAL045C	YAL045C	0	0	270.3389	0	0
YAL046C	AIM1	471.311242	1876.195767	1324.192676	995.676217	1415.786229
YAL047C	SPC72	534.545375	578.986406	457.731709	269.382404	378.71946
YAL047W-A	YAL047W-A	0	0	0	0	0
YAL048C	GEM1	449.373263	443.626903	435.410971	344.329852	252.687042
YAL049C	AIM2	2064.772857	2521.913568	2165.521301	1431.436047	963.429994
YAL051W	OAF1	580.386223	729.059711	662.450723	656.320105	603.002618
YAL053W	FLC2	2414.44054	2080.936031	2022.816647	1468.55383	1432.672366
YAL054C	ACS1	69.088084	106.131939	136.199311	61.083598	23.31013
YAL055W	PEX22	727.833003	114.194969	274.917508	64.273891	244.828519
YAL056C-A	YAL056C-A	0	0	0	0	0
YAL056W	GPB2	1120.330158	764.91831	908.968753	701.513638	706.476361
YAL058W	CNE1	779.85867	744.126711	627.00565	701.44086	926.473251
YAL059C-A	YAL059C-A	0	0	64.518322	0	0
YAL059W	ECM1	1642.508187	2131.804057	1822.203641	1690.337102	1952.51714
YAL060W	BDH1	2271.665716	2120.4107	2078.731109	1057.342977	1360.297261
YAL061W	BDH2	1256.239894	499.958886	1331.816518	199.897368	211.856852
YAL062W	GDH3	188.525542	863.755102	729.840943	259.997963	152.620439
YAL063C	FLO9	55.542923	96.984698	62.185272	28.767802	13.438432
YAL063C-A	YAL063C-A	0	766.653802	964.853069	0	0
YAL064C-A	TDA8	0	0	0	0	0
YAL064W	YAL064W	0	0	827.293982	0	0
YAL064W-B	YAL064W-B	210.769026	0	122.978357	111.432532	0
YAL065C	YAL065C	0	0	121.03323	0	0
YAL066W	YAL066W	0	561.465555	468.660874	0	0
YAL067C	SEO1	28.168713	131.040969	73.610419	14.942508	0
YAL067W-A	YAL067W-A	0	2504.517307	0	0	0
YAL068C	PAU8	457.740058	1184.390337	2138.511287	362.857477	229.292791
YAL068W-A	YAL068W-A	444.621586	0	1492.716631	0	0
YAL069W	YAL069W	590.275923	512.395063	246.620273	0	0
YAR002C-A	ERP1	5919.304528	6416.949135	6198.424251	4168.047826	5982.63205
YAR002W	NUP60	1784.859982	1537.1921	1422.869681	1013.224542	1267.622179
YAR003W	SWD1	1103.167725	551.702377	546.902057	476.778774	578.808155
YAR007C	RFA1	1499.372762	1407.932967	1268.126661	1349.292444	1219.463354
YAR008W	SEN34	551.472759	1100.400131	1170.634905	146.20638	348.555089
YAR009C	YAR009C	219411.104767	173006.678938	161574.976008	256664.426439	230995.633635
YAR010C	YAR010C	226030.22169	190246.158758	178037.604075	281319.567362	244258.830678
YAR014C	BUD14	1274.365093	1156.738814	1448.543956	835.819228	1172.635181
YAR015W	ADE1	3201.789709	3291.061591	3648.123627	2915.181873	2383.233299
YAR018C	KIN3	797.793101	505.998159	441.651171	528.9563	565.098839
YAR019C	CDC15	346.225262	475.307401	451.662053	227.408224	300.416604
YAR019W-A	YAR019W-A	0	0	0	0	0
YAR020C	PAU7	0	0	0	0	0
YAR023C	YAR023C	122.275221	115.376296	277.761482	129.572661	0
YAR027W	UIP3	2106.849411	2483.869472	2602.95259	1161.561904	1618.464123
YAR028W	YAR028W	1525.413428	1176.584651	2053.603581	718.803126	942.238567
YAR029W	YAR029W	576.454542	2627.635632	5060.699584	0	0
YAR030C	YAR030C	508.127714	0	350.180567	134.033407	0
YAR031W	PRM9	1060.837216	778.662329	1045.791307	397.082324	568.083923
YAR033W	MST28	84.74519	955.975029	743.496298	224.625977	342.632206
YAR035C-A	YAR035C-A	0	0	0	0	0
YAR035W	YAT1	47.954388	75.369138	35.702168	152.633312	48.538241
YAR042W	SWH1	1390.699341	1146.953185	1021.373538	900.962723	1015.305075
YAR047C	YAR047C	0	0	452.7403	149.92294	0
YAR050W	FLO1	44.518757	79.350822	65.029078	73.026826	71.306377
YAR053W	YAR053W	0	0	0	0	0
YAR060C	YAR060C	262.23962	0	936.364381	0	262.149149
YAR061W	YAR061W	0	0	0	0	0
YAR062W	YAR062W	106.071388	0	92.855419	56.226484	0
YAR064W	YAR064W	0	0	272.511987	0	0
YAR066W	YAR066W	307.478269	647.95102	356.025768	271.658107	1138.812444
YAR068W	YAR068W	1285.867095	1735.654866	1706.602973	378.405862	1008.167988
YAR069C	YAR069C	0	0	0	0	332.959256
YAR070C	YAR070C	0	0	0	0	0
